case,mode,ordinary,hint,replacement,ordinary_run,hint_run,hint_search_complete,hint_failure_phase,hint_failure_seconds,term_fallback,ordinary_seconds,hint_seconds,replacement_seconds,hint_lines,ordinary_error,hint_error,replacement_error,ordinary_timeout,hint_timeout,ordinary_started,hint_started
Acl2/QuicksortCaseStudy::allGe_append,committed,True,True,True,v4,v5,True,,,False,23.283339756,22.297680569,0.152820217,14,,,,False,False,True,True
Acl2/QuicksortCaseStudy::allGe_qsort,committed,False,False,,v4,v5,False,discovery,86.170233284,False,86.567930221,,,,/tmp/waterfall-hints-nq2487rv/Probe-committed-072-syntax.lean:193:4: error: waterfall reached the ambient resource limit,/tmp/waterfall-hints-h4gvwba7/Probe-committed-072-api.lean:193:70: error: waterfall reached the ambient resource limit,,False,False,True,True
Acl2/QuicksortCaseStudy::allGe_upper,committed,True,True,True,v4,v5,True,,,False,5.407548764,5.525242388,0.092957509,14,,,,False,False,True,True
Acl2/QuicksortCaseStudy::allLt_append,committed,True,True,True,v4,v5,True,,,False,18.811342765,19.353530566,0.143581383,14,,,,False,False,True,True
Acl2/QuicksortCaseStudy::allLt_lower,committed,True,True,True,v4,v5,True,,,False,5.125108256,5.42181446,0.090838783,14,,,,False,False,True,True
Acl2/QuicksortCaseStudy::allLt_qsort,committed,False,False,,v4,v5,False,discovery,86.874093385,False,83.14587335,,,,/tmp/waterfall-hints-6s_udbc1/Probe-committed-071-syntax.lean:188:4: error: waterfall reached the ambient resource limit,/tmp/waterfall-hints-cpltucwu/Probe-committed-071-api.lean:188:70: error: waterfall reached the ambient resource limit,,False,False,True,True
Acl2/QuicksortCaseStudy::count_append,committed,False,False,,v4,v5,False,discovery,51.284637927,False,43.319844843,,,,/tmp/waterfall-hints-evlun7t8/Probe-committed-063-syntax.lean:110:4: error: waterfall exhausted 10000 attempts at depth 8,/tmp/waterfall-hints-9jeehflx/Probe-committed-063-api.lean:110:71: error: waterfall exhausted 10000 attempts at depth 8,,False,False,True,True
Acl2/QuicksortCaseStudy::count_deleteOne_other,committed,False,False,,v4,v5,False,discovery,79.902603,False,77.852201951,,,,/tmp/waterfall-hints-bmvcuo98/Probe-committed-080-syntax.lean:229:4: error: waterfall reached the ambient resource limit,/tmp/waterfall-hints-k_04by1f/Probe-committed-080-api.lean:229:80: error: waterfall reached the ambient resource limit,,False,False,True,True
Acl2/QuicksortCaseStudy::count_deleteOne_self,committed,False,False,,v4,v5,False,discovery,88.031893229,False,83.064805782,,,,/tmp/waterfall-hints-evlun7t8/Probe-committed-079-syntax.lean:225:4: error: waterfall reached the ambient resource limit,/tmp/waterfall-hints-9jeehflx/Probe-committed-079-api.lean:225:79: error: waterfall reached the ambient resource limit,,False,False,True,True
Acl2/QuicksortCaseStudy::count_lower_upper,committed,False,False,,v4,v5,False,discovery,64.699222555,False,62.170972452,,,,/tmp/waterfall-hints-bmvcuo98/Probe-committed-064-syntax.lean:115:4: error: waterfall exhausted 10000 attempts at depth 8,/tmp/waterfall-hints-k_04by1f/Probe-committed-064-api.lean:115:76: error: waterfall exhausted 10000 attempts at depth 8,,False,False,True,True
Acl2/QuicksortCaseStudy::count_lower_upper_add,committed,True,True,True,v4,v5,True,,,False,0.131266255,0.134162582,0.059336401,5,,,,False,False,True,True
Acl2/QuicksortCaseStudy::count_pos_of_mem,committed,True,True,True,v4,v5,True,,,False,5.235205386,4.588844662,0.199437059,16,,,,False,False,True,True
Acl2/QuicksortCaseStudy::lower_length_le,committed,True,True,True,v4,v5,True,,,False,5.974723742,6.178649907,0.04399219,12,,,,False,False,True,True
Acl2/QuicksortCaseStudy::mem_of_count_pos,committed,False,False,,v4,v5,False,discovery,85.75815989,False,82.150012618,,,,/tmp/waterfall-hints-nfhmg2w4/Probe-committed-076-syntax.lean:214:4: error: waterfall reached the ambient resource limit,/tmp/waterfall-hints-esa1imb5/Probe-committed-076-api.lean:214:75: error: waterfall reached the ambient resource limit,,False,False,True,True
Acl2/QuicksortCaseStudy::nil_of_count_zero,committed,True,True,True,v4,v5,True,,,False,3.289123544,3.793108339,0.45057059,39,,,,False,False,True,True
Acl2/QuicksortCaseStudy::ordered_append_with_pivot,committed,False,False,,v4,v5,False,discovery,86.285804388,False,86.53956553,,,,/tmp/waterfall-hints-_kff2h_g/Probe-committed-073-syntax.lean:198:4: error: waterfall reached the ambient resource limit,/tmp/waterfall-hints-y6yev672/Probe-committed-073-api.lean:198:84: error: waterfall reached the ambient resource limit,,False,False,True,True
Acl2/QuicksortCaseStudy::ordered_pivot_cons,committed,True,True,True,v4,v5,True,,,False,12.411838871,13.720277842,0.014934231,23,,,,False,False,True,True
Acl2/QuicksortCaseStudy::perm_of_count_eq,committed,True,True,True,v4,v5,True,,,False,70.396933515,69.120004523,0.699063063,28,,,,False,False,True,True
Acl2/QuicksortCaseStudy::qsort_count,committed,False,False,,v4,v5,False,discovery,130.001008879,False,160.599729307,,,,/tmp/waterfall-hints-p8w750k2/Probe-committed-066-syntax.lean:132:4: error: waterfall reached the ambient resource limit,/tmp/waterfall-hints-xsnxqot3/Probe-committed-066-api.lean:132:70: error: waterfall reached the ambient resource limit,,False,False,True,True
Acl2/QuicksortCaseStudy::qsort_ordered,committed,False,False,,v4,v5,False,discovery,88.8788064,False,85.184142587,,,,/tmp/waterfall-hints-h04jbivk/Probe-committed-075-syntax.lean:210:4: error: waterfall reached the ambient resource limit,/tmp/waterfall-hints-zw18sr56/Probe-committed-075-api.lean:210:72: error: waterfall reached the ambient resource limit,,False,False,True,True
Acl2/QuicksortCaseStudy::qsort_perm,committed,True,True,True,v4,v5,True,,,False,0.071421588,0.140391933,0.055364385,11,,,,False,False,True,True
Acl2/QuicksortCaseStudy::upper_length_le,committed,True,True,True,v4,v5,True,,,False,6.483710866,6.751354599,0.047263487,11,,,,False,False,True,True
Acl2/RevappendCaseStudy::acl2_app_assoc,committed,True,True,True,v4,v5,True,,,False,25.325986342,25.930562306,0.098887885,23,,,,False,False,True,True
Acl2/RevappendCaseStudy::acl2_app_nil,committed,True,True,True,v4,v5,True,,,False,6.201040629,6.353978203,0.035494601,22,,,,False,False,True,True
Acl2/RevappendCaseStudy::acl2_len_app,committed,True,True,True,v4,v5,True,,,False,38.700100165,40.892684977,0.178333985,25,,,,False,False,True,True
Acl2/RevappendCaseStudy::acl2_len_revappend,committed,False,False,,v4,v5,False,discovery,163.863149668,False,168.782567309,,,,/tmp/waterfall-hints-p8w750k2/Probe-committed-098-syntax.lean:215:4: error: waterfall reached the ambient resource limit,/tmp/waterfall-hints-xsnxqot3/Probe-committed-098-api.lean:215:77: error: waterfall reached the ambient resource limit,,False,False,True,True
Acl2/RevappendCaseStudy::acl2_mem_app,committed,False,False,,v4,v5,False,discovery,81.189845004,False,78.528804567,,,,/tmp/waterfall-hints-bmvcuo98/Probe-committed-096-syntax.lean:206:4: error: waterfall reached the ambient resource limit,/tmp/waterfall-hints-k_04by1f/Probe-committed-096-api.lean:206:71: error: waterfall reached the ambient resource limit,,False,False,True,True
Acl2/RevappendCaseStudy::acl2_mem_revappend,committed,False,False,,v4,v5,False,discovery,88.200863729,False,85.298943468,,,,/tmp/waterfall-hints-qunyw7k0/Probe-committed-099-syntax.lean:219:4: error: waterfall reached the ambient resource limit,/tmp/waterfall-hints-_54991vh/Probe-committed-099-api.lean:219:77: error: waterfall reached the ambient resource limit,,False,False,True,True
Acl2/RevappendCaseStudy::acl2_revappend_removal,committed,True,True,True,v4,v5,True,,,False,11.493258206,11.88327254,0.164842854,25,,,,False,False,True,True
Acl2/RevappendCaseStudy::app_assoc,committed,True,True,True,v4,v5,True,,,False,4.795040051,4.7801837,0.008728285,15,,,,False,False,True,True
Acl2/RevappendCaseStudy::app_nil,committed,True,True,True,v4,v5,True,,,False,2.599486816,2.650470396,0.006509211,15,,,,False,False,True,True
Acl2/RevappendCaseStudy::len_app,committed,True,True,True,v4,v5,True,,,False,4.458120809,4.370353142,0.057687829,12,,,,False,False,True,True
Acl2/RevappendCaseStudy::len_revappend,committed,True,True,True,v4,v5,True,,,False,4.325991423,4.385891472,0.017377936,20,,,,False,False,True,True
Acl2/RevappendCaseStudy::memBool_app,committed,True,True,True,v4,v5,True,,,False,9.717342877,10.45138594,0.097823147,13,,,,False,False,True,True
Acl2/RevappendCaseStudy::memBool_revappend,committed,True,True,True,v4,v5,True,,,False,10.566434176,11.013867786,0.111983346,19,,,,False,False,True,True
Acl2/RevappendCaseStudy::mem_app,committed,True,True,True,v4,v5,True,,,False,2.922412443,2.845129024,0.081776766,13,,,,False,False,True,True
Acl2/RevappendCaseStudy::mem_revappend,committed,True,True,True,v4,v5,True,,,False,3.199451918,3.384698504,0.097938428,18,,,,False,False,True,True
Acl2/RevappendCaseStudy::revappend_app,committed,True,True,True,v4,v5,True,,,False,8.884102825,9.005131311,0.01815199,20,,,,False,False,True,True
Acl2/RevappendCaseStudy::revappend_removal,committed,True,True,True,v4,v5,True,,,False,2.807736253,2.697635639,0.00885978,16,,,,False,False,True,True
Acl2/SortingCaseStudy::count_insert,committed,True,True,True,v4,v5,True,,,False,37.31778212,38.19516894,0.167522759,19,,,,False,False,True,True
Acl2/SortingCaseStudy::count_isort,committed,False,False,,v4,v5,False,discovery,82.547856337,False,82.289895088,,,,/tmp/waterfall-hints-nfhmg2w4/Probe-committed-108-syntax.lean:163:4: error: waterfall reached the ambient resource limit,/tmp/waterfall-hints-esa1imb5/Probe-committed-108-api.lean:163:68: error: waterfall reached the ambient resource limit,,False,False,True,True
Acl2/SortingCaseStudy::deleteOne_cons_of_ne,committed,True,True,True,v4,v5,True,,,False,0.01204752,0.019375878,0.00628323,6,,,,False,False,True,True
Acl2/SortingCaseStudy::insert_ordered,committed,True,True,True,v4,v5,True,,,False,57.823947338,59.030410211,0.083268923,16,,,,False,False,True,True
Acl2/SortingCaseStudy::insert_ordered_after_head,committed,False,False,,v4,v5,False,discovery,88.678205592,False,88.240757883,,,,/tmp/waterfall-hints-nq2487rv/Probe-committed-104-syntax.lean:140:4: error: waterfall reached the ambient resource limit,/tmp/waterfall-hints-h4gvwba7/Probe-committed-104-api.lean:140:82: error: waterfall reached the ambient resource limit,,False,False,True,True
Acl2/SortingCaseStudy::isort_ordered,committed,True,True,True,v4,v5,True,,,False,18.219860117,18.569731868,0.006942741,16,,,,False,False,True,True
Acl2/SortingCaseStudy::isort_permutation,committed,True,True,True,v4,v5,True,,,False,10.297253506,10.663353423,0.007216519,16,,,,False,False,True,True
Acl2/SortingCaseStudy::mem_cons_of_mem,committed,True,True,True,v4,v5,True,,,False,0.011904086,0.01931002,0.006382916,6,,,,False,False,True,True
Acl2/SortingCaseStudy::ordered_cons_le,committed,True,True,True,v4,v5,True,,,False,0.013292188,0.019840611,0.006913708,7,,,,False,False,True,True
Acl2/SortingCaseStudy::ordered_tail,committed,True,True,True,v4,v5,True,,,False,0.014871126,0.024512762,0.008913977,6,,,,False,False,True,True
Acl2/SortingCaseStudy::perm_insert_of_perm,committed,True,True,True,v4,v5,True,,,False,10.849899894,11.285802591,0.171974676,28,,,,False,False,True,True
DVH-Compiler/Test/Compiler::FreshFrom.step,committed,False,False,,v4,v5,False,discovery,86.943554354,False,84.135387475,,,,/tmp/waterfall-hints-evlun7t8/Probe-committed-015-syntax.lean:655:4: error: waterfall reached the ambient resource limit,/tmp/waterfall-hints-9jeehflx/Probe-committed-015-api.lean:655:76: error: waterfall reached the ambient resource limit,,False,False,True,True
DVH-Compiler/Test/Compiler::Related.mono,committed,True,True,True,v4,v5,True,,,False,10.078785355,10.947997479,0.517853458,80,,,,False,False,True,True
DVH-Compiler/Test/Compiler::compile_length,committed,False,False,,v4,v5,False,discovery,84.661771463,False,83.710481101,,,,/tmp/waterfall-hints-6ixa3nyn/Probe-committed-013-syntax.lean:659:4: error: waterfall reached the ambient resource limit,/tmp/waterfall-hints-uhldwt5g/Probe-committed-013-api.lean:659:76: error: waterfall reached the ambient resource limit,,False,False,True,True
DVH-Compiler/Test/Compiler::compiler_expr_correct_int,committed,False,False,,v4,v5,False,discovery,80.394004978,False,75.976350937,,,,/tmp/waterfall-hints-bmvcuo98/Probe-committed-016-syntax.lean:889:4: error: waterfall reached the ambient resource limit,/tmp/waterfall-hints-k_04by1f/Probe-committed-016-api.lean:889:87: error: waterfall reached the ambient resource limit,,False,False,True,True
DVH-Compiler/Test/Compiler::get_append_left,committed,True,True,True,v4,v5,True,,,False,2.160963776,2.146668618,0.012594449,16,,,,False,False,True,True
ProofAgentsDemo/Semantics/BigStep::Eval.deterministic,committed,True,True,True,v4,v5,True,,,False,4.438890581,4.71351347,0.181987673,18,,,,False,False,True,True
ProofAgentsDemo/Semantics/BigStep::Eval.of_denote_eq,committed,False,False,,v4,v5,False,discovery,88.04222836,False,95.111365616,,,,/tmp/waterfall-hints-p8w750k2/Probe-committed-018-syntax.lean:28:4: error: waterfall reached the ambient resource limit,/tmp/waterfall-hints-xsnxqot3/Probe-committed-018-api.lean:28:86: error: waterfall reached the ambient resource limit,,False,False,True,True
ProofAgentsDemo/Semantics/SmallStep::Step.strong_confluence,committed,False,False,,v4,v5,False,discovery,86.028317603,False,84.605299792,,,,/tmp/waterfall-hints-qunyw7k0/Probe-committed-019-syntax.lean:57:4: error: waterfall reached the ambient resource limit,/tmp/waterfall-hints-_54991vh/Probe-committed-019-api.lean:57:93: error: waterfall reached the ambient resource limit,,False,False,True,True
SF/VFA/05-SelectionCaseStudy::cons_of_small_maintains_sort,committed,True,True,True,v4,v5,True,,,False,27.28591273,36.851776453,0.803950535,36,,,,False,False,True,True
SF/VFA/05-SelectionCaseStudy::cons_of_small_maintains_sort',committed,True,True,True,v4,v5,True,,,False,4.103071809,4.548799122,0.562919909,33,,,,False,False,True,True
SF/VFA/05-SelectionCaseStudy::extra_fuel,committed,True,True,True,v4,v5,True,,,False,0.007696514,0.0105105,0.003389891,7,,,,False,False,True,True
SF/VFA/05-SelectionCaseStudy::le_all__le_one,committed,True,True,True,v4,v5,True,,,False,0.021297132,0.039073139,0.014519906,7,,,,False,False,True,True
SF/VFA/05-SelectionCaseStudy::out_of_fuel,committed,True,True,True,v4,v5,True,,,False,0.04028196,0.047204196,0.004155814,9,,,,False,False,True,True
SF/VFA/05-SelectionCaseStudy::pairs_example,committed,True,True,True,v4,v5,True,,,False,0.014271682,0.025927729,0.011404515,7,,,,False,False,True,True
SF/VFA/05-SelectionCaseStudy::select_contents,committed,False,False,,v4,v5,False,discovery,90.469527022,False,87.839602944,,,,/tmp/waterfall-hints-h04jbivk/Probe-committed-043-syntax.lean:232:4: error: waterfall reached the ambient resource limit,/tmp/waterfall-hints-zw18sr56/Probe-committed-043-api.lean:232:79: error: waterfall reached the ambient resource limit,,False,False,True,True
SF/VFA/05-SelectionCaseStudy::select_fst_leq,committed,True,True,True,v4,v5,True,,,False,8.22641114,8.667600387,0.208636292,23,,,,False,False,True,True
SF/VFA/05-SelectionCaseStudy::select_in,committed,True,True,True,v4,v5,True,,,False,9.373850494,11.505072496,0.560819917,30,,,,False,False,True,True
SF/VFA/05-SelectionCaseStudy::select_perm,committed,False,False,,v4,v5,False,discovery,159.269384599,False,,,,,,/tmp/waterfall-hints-dzk8dlyl/Probe-committed-026-api.lean:95:75: error: waterfall reached the ambient resource limit,,True,False,True,True
SF/VFA/05-SelectionCaseStudy::select_rest_length,committed,False,False,,v4,v5,False,discovery,90.401007747,False,86.961290912,,,,/tmp/waterfall-hints-h04jbivk/Probe-committed-027-syntax.lean:102:4: error: waterfall reached the ambient resource limit,/tmp/waterfall-hints-zw18sr56/Probe-committed-027-api.lean:102:82: error: waterfall reached the ambient resource limit,,False,False,True,True
SF/VFA/05-SelectionCaseStudy::select_smallest,committed,False,False,,v4,v5,False,discovery,85.576201327,False,83.003277961,,,,/tmp/waterfall-hints-bmvcuo98/Probe-committed-032-syntax.lean:136:4: error: waterfall reached the ambient resource limit,/tmp/waterfall-hints-k_04by1f/Probe-committed-032-api.lean:136:79: error: waterfall reached the ambient resource limit,,False,False,True,True
SF/VFA/05-SelectionCaseStudy::selection_sort_contents,committed,False,False,,v4,v5,False,discovery,89.311402618,False,87.581738527,,,,/tmp/waterfall-hints-nfhmg2w4/Probe-committed-044-syntax.lean:240:4: error: waterfall reached the ambient resource limit,/tmp/waterfall-hints-esa1imb5/Probe-committed-044-api.lean:240:87: error: waterfall reached the ambient resource limit,,False,False,True,True
SF/VFA/05-SelectionCaseStudy::selection_sort_correct',committed,False,False,,v4,v5,False,discovery,80.170625417,False,78.140462822,,,,/tmp/waterfall-hints-zwcy9n3b/Probe-committed-046-syntax.lean:255:4: error: waterfall reached the ambient resource limit,/tmp/waterfall-hints-9w0owkan/Probe-committed-046-api.lean:255:87: error: waterfall reached the ambient resource limit,,False,False,True,True
SF/VFA/05-SelectionCaseStudy::selection_sort_is_correct,committed,True,True,True,v4,v5,True,,,False,0.018569076,0.034519314,0.013568911,10,,,,False,False,True,True
SF/VFA/05-SelectionCaseStudy::selection_sort_perm,committed,True,True,True,v4,v5,True,,,False,0.015300332,0.026451619,0.009524364,7,,,,False,False,True,True
SF/VFA/05-SelectionCaseStudy::selection_sort_sorted,committed,True,True,True,v4,v5,True,,,False,0.017232287,0.030054898,0.011420465,9,,,,False,False,True,True
SF/VFA/05-SelectionCaseStudy::selsort'_example,committed,True,True,True,v4,v5,True,,,False,1.319701603,2.42595589,1.030066084,16,,,,False,False,True,True
SF/VFA/05-SelectionCaseStudy::selsort'_is_correct,committed,True,True,True,v4,v5,True,,,False,0.06512476,0.097208131,0.0270696,12,,,,False,False,True,True
SF/VFA/05-SelectionCaseStudy::selsort'_perm,committed,False,False,,v4,v5,False,discovery,93.355772127,False,89.331360471,,,,/tmp/waterfall-hints-6s_udbc1/Probe-committed-039-syntax.lean:197:4: error: waterfall reached the ambient resource limit,/tmp/waterfall-hints-cpltucwu/Probe-committed-039-api.lean:197:77: error: waterfall reached the ambient resource limit,,False,False,True,True
SF/VFA/05-SelectionCaseStudy::selsort'_sorted,committed,True,True,True,v4,v5,True,,,False,16.25305621,16.90851105,0.449307995,34,,,,False,False,True,True
SF/VFA/05-SelectionCaseStudy::selsort_perm,committed,False,False,,v4,v5,False,discovery,86.362624436,False,85.355435808,,,,/tmp/waterfall-hints-nfhmg2w4/Probe-committed-028-syntax.lean:111:4: error: waterfall reached the ambient resource limit,/tmp/waterfall-hints-esa1imb5/Probe-committed-028-api.lean:111:76: error: waterfall reached the ambient resource limit,,False,False,True,True
SF/VFA/05-SelectionCaseStudy::selsort_sorted,committed,False,False,,v4,v5,False,discovery,91.305535999,False,88.682906298,,,,/tmp/waterfall-hints-qunyw7k0/Probe-committed-035-syntax.lean:158:4: error: waterfall reached the ambient resource limit,/tmp/waterfall-hints-_54991vh/Probe-committed-035-api.lean:158:78: error: waterfall reached the ambient resource limit,,False,False,True,True
SF/VFA/05-SelectionCaseStudy::sort_pi,committed,True,True,True,v4,v5,True,,,False,0.015858025,0.017187034,0.009037146,7,,,,False,False,True,True
SF/VFA/05-SelectionCaseStudy::sorted_iff_sorted,committed,True,True,True,v4,v5,True,,,True,9.525433696,9.930994717,0.026486824,91,,,,False,False,True,True
SF/VFA/06-MergeCaseStudy::list_ind2',committed,False,False,,v4,v5,False,discovery,89.460608003,False,91.021057136,,,,/tmp/waterfall-hints-cy9pkv2h/Probe-committed-049-syntax.lean:67:4: error: waterfall reached the ambient resource limit,/tmp/waterfall-hints-yw1eslc0/Probe-committed-049-api.lean:67:70: error: waterfall reached the ambient resource limit,,False,False,True,True
SF/VFA/06-MergeCaseStudy::merge2,committed,True,True,True,v4,v5,True,,,False,0.019065773,0.027622548,0.010410915,7,,,,False,False,True,True
SF/VFA/06-MergeCaseStudy::merge_nil_l,committed,True,True,True,v4,v5,True,,,False,0.013624618,0.023157058,0.007539116,7,,,,False,False,True,True
SF/VFA/06-MergeCaseStudy::merge_perm,committed,False,False,,v4,v5,False,discovery,147.352541454,False,,,,,,/tmp/waterfall-hints-dzk8dlyl/Probe-committed-058-api.lean:177:70: error: waterfall reached the ambient resource limit,,True,False,True,True
SF/VFA/06-MergeCaseStudy::mergesort_correct,committed,True,True,True,v4,v5,True,,,False,0.155426646,0.157569697,0.026426227,10,,,,False,False,True,True
SF/VFA/06-MergeCaseStudy::mergesort_perm,committed,False,False,,v4,v5,False,discovery,101.207301253,False,100.061780397,,,,/tmp/waterfall-hints-h04jbivk/Probe-committed-059-syntax.lean:185:4: error: waterfall reached the ambient resource limit,/tmp/waterfall-hints-zw18sr56/Probe-committed-059-api.lean:185:74: error: waterfall reached the ambient resource limit,,False,False,True,True
SF/VFA/06-MergeCaseStudy::mergesort_sorts,committed,False,False,,v4,v5,False,discovery,86.759939614,False,86.059351824,,,,/tmp/waterfall-hints-_kff2h_g/Probe-committed-057-syntax.lean:170:4: error: waterfall reached the ambient resource limit,/tmp/waterfall-hints-y6yev672/Probe-committed-057-api.lean:170:75: error: waterfall reached the ambient resource limit,,False,False,True,True
SF/VFA/06-MergeCaseStudy::sorted_merge,committed,False,False,,v4,v5,False,discovery,84.296022241,False,87.770769452,,,,/tmp/waterfall-hints-nq2487rv/Probe-committed-056-syntax.lean:160:4: error: waterfall reached the ambient resource limit,/tmp/waterfall-hints-h4gvwba7/Probe-committed-056-api.lean:160:72: error: waterfall reached the ambient resource limit,,False,False,True,True
SF/VFA/06-MergeCaseStudy::sorted_merge1,committed,True,True,True,v4,v5,True,,,False,0.206574269,0.310813075,0.091510184,7,,,,False,False,True,True
SF/VFA/06-MergeCaseStudy::split_len,committed,True,True,True,v4,v5,True,,,False,0.027437767,0.067982625,0.02562059,6,,,,False,False,True,True
SF/VFA/06-MergeCaseStudy::split_len',committed,True,True,True,v4,v5,True,,,False,0.037216752,0.069136989,0.029121137,7,,,,False,False,True,True
SF/VFA/06-MergeCaseStudy::split_len_first_try,committed,False,False,,v4,v5,False,discovery,44.60141217,False,43.366436543,,,,/tmp/waterfall-hints-evlun7t8/Probe-committed-047-syntax.lean:43:4: error: waterfall exhausted 10000 attempts at depth 40,/tmp/waterfall-hints-9jeehflx/Probe-committed-047-api.lean:43:79: error: waterfall exhausted 10000 attempts at depth 40,,False,False,True,True
SF/VFA/06-MergeCaseStudy::split_len_via_div2,committed,True,True,True,v4,v5,True,,,False,0.020186947,0.035162181,0.013601315,6,,,,False,False,True,True
SF/VFA/06-MergeCaseStudy::split_perm,committed,False,False,,v4,v5,False,discovery,72.459372513,False,75.76110904,,,,/tmp/waterfall-hints-t6ainap_/Probe-committed-052-syntax.lean:88:4: error: waterfall reached the ambient resource limit,/tmp/waterfall-hints-4e4r2vqa/Probe-committed-052-api.lean:88:70: error: waterfall reached the ambient resource limit,,False,False,True,True
SF/VFA/07-SearchTreeCaseStudy::NoDup_append,committed,True,True,True,v4,v5,True,,,False,0.111381946,0.170689814,0.036132005,3,,,,False,False,True,True
SF/VFA/07-SearchTreeCaseStudy::bound_notP,committed,True,True,True,v4,v5,True,,,False,3.701095753,3.500389785,0.045575016,17,,,,False,False,True,True
SF/VFA/07-SearchTreeCaseStudy::fast_elements_tr_helper,committed,True,True,True,v4,v5,True,,,False,8.582500542,8.766140981,0.012866095,16,,,,False,False,True,True
SF/VFA/08-QueueCaseStudy::bq_deq_to_list,committed,True,True,True,v4,v5,True,,,False,0.350814845,0.58574847,0.222107342,12,,,,False,False,True,True
SF/VFA/10-RedblackCaseStudy::all_elements_balance,committed,True,True,True,v4,v5,True,,,False,8.368413369,9.526456153,5.415818506,14,,,,False,False,True,True
SF/VFA/10-RedblackCaseStudy::balance_BST,committed,False,False,,v4,v5,False,discovery,116.291606842,False,123.188175443,,,,/tmp/waterfall-hints-t6ainap_/Probe-committed-020-syntax.lean:329:4: error: waterfall reached the ambient resource limit,/tmp/waterfall-hints-4e4r2vqa/Probe-committed-020-api.lean:329:74: error: waterfall reached the ambient resource limit,,False,False,True,True
SF/VFA/10-RedblackCaseStudy::balance_lookup,committed,True,True,True,v4,v5,True,,,False,12.519125617,14.004535075,11.817369196,19,,,,False,False,True,True
SF/VFA/10-RedblackCaseStudy::elements_balance,committed,True,True,True,v4,v5,True,,,False,5.76693889,6.558021385,3.786766817,37,,,,False,False,True,True
SF/VFA/10-RedblackCaseStudy::insert_BST,committed,True,True,True,v4,v5,True,,,False,0.13239506,0.186473649,0.055300993,12,,,,False,False,True,True
SF/VFA/13-BinomCaseStudy::carry_valid,committed,False,False,,v4,v5,False,discovery,99.881579265,False,95.312591424,,,,/tmp/waterfall-hints-o6kj4d6u/Probe-committed-005-syntax.lean:336:4: error: waterfall reached the ambient resource limit,/tmp/waterfall-hints-t6x16w4l/Probe-committed-005-api.lean:336:71: error: waterfall reached the ambient resource limit,,False,False,True,True
SF/VFA/13-BinomCaseStudy::delete_max_aux_valid,committed,False,False,,v4,v5,False,discovery,100.188358173,False,112.94377914,,,,/tmp/waterfall-hints-3n6z8u_r/Probe-committed-006-syntax.lean:403:4: error: waterfall reached the ambient resource limit,/tmp/waterfall-hints-rkyhjgh4/Probe-committed-006-api.lean:403:80: error: waterfall reached the ambient resource limit,,False,False,True,True
SF/VFA/13-BinomCaseStudy::smash_elems,committed,True,True,True,v4,v5,True,,,False,0.441746295,0.54285967,0.089176229,5,,,,False,False,True,True
SF/VFA/13-BinomCaseStudy::smash_valid,committed,True,True,True,v4,v5,True,,,False,1.771190782,2.224942603,0.420312912,12,,,,False,False,True,True
SF/VFA/13-BinomCaseStudy::tree_elems_ext,committed,True,True,True,v4,v5,True,,,False,0.110197895,0.144259579,0.030671961,4,,,,False,False,True,True
Acl2/QuicksortCaseStudy::allGe_append,search,True,True,True,v4,v5,True,,,False,0.746581443,0.945971926,0.178869585,13,,,,False,False,True,True
Acl2/QuicksortCaseStudy::allGe_qsort,search,True,True,True,v4,v5,True,,,False,3.859350218,3.10915897,0.042471489,20,,,,False,False,True,True
Acl2/QuicksortCaseStudy::allGe_upper,search,True,True,True,v4,v5,True,,,False,0.908134305,0.954784663,0.019244263,22,,,,False,False,True,True
Acl2/QuicksortCaseStudy::allLt_append,search,True,True,True,v4,v5,True,,,False,0.776210099,0.814684511,0.164020379,13,,,,False,False,True,True
Acl2/QuicksortCaseStudy::allLt_lower,search,True,True,True,v4,v5,True,,,False,0.982807337,0.887943125,0.019835439,21,,,,False,False,True,True
Acl2/QuicksortCaseStudy::allLt_qsort,search,True,True,True,v4,v5,True,,,False,2.957939281,2.629256704,0.032029748,19,,,,False,False,True,True
Acl2/QuicksortCaseStudy::count_append,search,True,True,True,v4,v5,True,,,False,0.300318671,0.406804699,0.078665912,15,,,,False,False,True,True
Acl2/QuicksortCaseStudy::count_deleteOne_other,search,True,True,True,v4,v5,True,,,False,5.599919787,6.005866378,0.644057876,21,,,,False,False,True,True
Acl2/QuicksortCaseStudy::count_deleteOne_self,search,True,True,True,v4,v5,True,,,False,3.88216725,4.439326753,0.233254941,20,,,,False,False,True,True
Acl2/QuicksortCaseStudy::count_lower_upper,search,True,True,True,v4,v5,True,,,False,0.531116683,0.710722138,0.347932988,17,,,,False,False,True,True
Acl2/QuicksortCaseStudy::count_lower_upper_add,search,True,True,True,v4,v5,True,,,False,0.063142829,0.114303035,0.105947691,5,,,,False,False,True,True
Acl2/QuicksortCaseStudy::count_pos_of_mem,search,True,True,True,v4,v5,True,,,False,0.725190853,0.773056529,0.033388451,20,,,,False,False,True,True
Acl2/QuicksortCaseStudy::lower_length_le,search,True,True,True,v4,v5,True,,,False,0.146687855,0.18902851,0.05135901,13,,,,False,False,True,True
Acl2/QuicksortCaseStudy::mem_of_count_pos,search,True,True,True,v4,v5,True,,,False,0.867984505,1.06727379,0.186928896,15,,,,False,False,True,True
Acl2/QuicksortCaseStudy::nil_of_count_zero,search,True,True,True,v4,v5,True,,,False,4.934576254,5.202121849,0.033855445,20,,,,False,False,True,True
Acl2/QuicksortCaseStudy::ordered_append_with_pivot,search,True,True,True,v4,v5,True,,,False,1.244820272,2.825459887,0.245244907,26,,,,False,False,True,True
Acl2/QuicksortCaseStudy::ordered_pivot_cons,search,True,True,True,v4,v5,True,,,False,0.933088282,1.022016596,0.049182044,30,,,,False,False,True,True
Acl2/QuicksortCaseStudy::perm_of_count_eq,search,False,False,,v4,v5,False,discovery,90.369330627,False,93.637094704,,,,/tmp/waterfall-hints-p8w750k2/Probe-search-081-syntax.lean:239:4: error: waterfall reached the ambient resource limit,/tmp/waterfall-hints-xsnxqot3/Probe-search-081-api.lean:239:72: error: waterfall reached the ambient resource limit,,False,False,True,True
Acl2/QuicksortCaseStudy::qsort_count,search,True,True,True,v4,v5,True,,,False,0.521608912,0.63819603,0.113153559,10,,,,False,False,True,True
Acl2/QuicksortCaseStudy::qsort_ordered,search,True,True,True,v4,v5,True,,,False,5.356777021,5.288521469,0.177344883,16,,,,False,False,True,True
Acl2/QuicksortCaseStudy::qsort_perm,search,True,True,True,v4,v5,True,,,False,0.041122684,0.068234931,0.029384621,11,,,,False,False,True,True
Acl2/QuicksortCaseStudy::upper_length_le,search,True,True,True,v4,v5,True,,,False,0.173475508,0.235437449,0.058052603,12,,,,False,False,True,True
Acl2/RevappendCaseStudy::acl2_app_assoc,search,True,True,True,v4,v5,True,,,False,0.941030416,1.07929451,0.090898449,17,,,,False,False,True,True
Acl2/RevappendCaseStudy::acl2_app_nil,search,True,True,True,v4,v5,True,,,False,0.923895219,0.930407064,0.046725879,16,,,,False,False,True,True
Acl2/RevappendCaseStudy::acl2_len_app,search,True,True,True,v4,v5,True,,,False,1.203958537,1.436212438,0.140537329,15,,,,False,False,True,True
Acl2/RevappendCaseStudy::acl2_len_revappend,search,True,True,True,v4,v5,True,,,False,1.435934468,1.625739364,0.166241776,16,,,,False,False,True,True
Acl2/RevappendCaseStudy::acl2_mem_app,search,True,True,True,v4,v5,True,,,False,1.109343879,1.289316322,0.181572115,15,,,,False,False,True,True
Acl2/RevappendCaseStudy::acl2_mem_revappend,search,True,True,True,v4,v5,True,,,False,1.536923057,1.62932714,0.177932005,17,,,,False,False,True,True
Acl2/RevappendCaseStudy::acl2_revappend_removal,search,True,True,True,v4,v5,True,,,False,0.831178657,0.945770487,0.260790131,20,,,,False,False,True,True
Acl2/RevappendCaseStudy::app_assoc,search,True,True,True,v4,v5,True,,,False,0.115207806,0.132572698,0.021915621,13,,,,False,False,True,True
Acl2/RevappendCaseStudy::app_nil,search,True,True,True,v4,v5,True,,,False,0.099382232,0.09230944,0.006401094,15,,,,False,False,True,True
Acl2/RevappendCaseStudy::len_app,search,True,True,True,v4,v5,True,,,False,0.308876466,0.319619074,0.061149025,11,,,,False,False,True,True
Acl2/RevappendCaseStudy::len_revappend,search,True,True,True,v4,v5,True,,,False,0.622863069,0.744466089,0.100067433,13,,,,False,False,True,True
Acl2/RevappendCaseStudy::memBool_app,search,True,True,True,v4,v5,True,,,False,0.443411067,0.463128364,0.07235024,11,,,,False,False,True,True
Acl2/RevappendCaseStudy::memBool_revappend,search,True,True,True,v4,v5,True,,,False,0.804160462,0.941081505,0.119300183,13,,,,False,False,True,True
Acl2/RevappendCaseStudy::mem_app,search,True,True,True,v4,v5,True,,,False,0.259886982,0.32504222,0.059271724,11,,,,False,False,True,True
Acl2/RevappendCaseStudy::mem_revappend,search,True,True,True,v4,v5,True,,,False,0.702116927,0.717167222,0.097497011,13,,,,False,False,True,True
Acl2/RevappendCaseStudy::revappend_app,search,True,True,True,v4,v5,True,,,False,0.627474153,1.168756834,0.026779062,16,,,,False,False,True,True
Acl2/RevappendCaseStudy::revappend_removal,search,True,True,True,v4,v5,True,,,False,0.293576563,0.308464438,0.024036449,15,,,,False,False,True,True
Acl2/SortingCaseStudy::count_insert,search,True,True,True,v4,v5,True,,,False,0.933280991,1.079205831,0.144409345,11,,,,False,False,True,True
Acl2/SortingCaseStudy::count_isort,search,True,True,True,v4,v5,True,,,False,0.613341951,0.57214405,0.027261091,12,,,,False,False,True,True
Acl2/SortingCaseStudy::deleteOne_cons_of_ne,search,True,True,True,v4,v5,True,,,False,0.011875188,0.018731029,0.006186028,6,,,,False,False,True,True
Acl2/SortingCaseStudy::insert_ordered,search,True,True,True,v4,v5,True,,,False,0.92405203,2.144441028,0.224056618,23,,,,False,False,True,True
Acl2/SortingCaseStudy::insert_ordered_after_head,search,True,True,True,v4,v5,True,,,False,12.854814597,11.044627477,0.197996806,18,,,,False,False,True,True
Acl2/SortingCaseStudy::isort_ordered,search,True,True,True,v4,v5,True,,,False,5.023099895,5.189363683,0.018214052,16,,,,False,False,True,True
Acl2/SortingCaseStudy::isort_permutation,search,True,True,True,v4,v5,True,,,False,1.101836046,1.165899156,0.014519517,17,,,,False,False,True,True
Acl2/SortingCaseStudy::mem_cons_of_mem,search,True,True,True,v4,v5,True,,,False,0.013783905,0.019714865,0.006784769,6,,,,False,False,True,True
Acl2/SortingCaseStudy::ordered_cons_le,search,True,True,True,v4,v5,True,,,False,0.011646262,0.020588984,0.006770039,7,,,,False,False,True,True
Acl2/SortingCaseStudy::ordered_tail,search,True,True,True,v4,v5,True,,,False,0.015020975,0.024577989,0.008957414,6,,,,False,False,True,True
Acl2/SortingCaseStudy::perm_insert_of_perm,search,True,True,True,v4,v5,True,,,False,9.386289125,9.559141597,0.162532531,27,,,,False,False,True,True
DVH-Compiler/Test/Compiler::FreshFrom.step,search,True,True,True,v4,v5,True,,,False,42.640761111,43.537793927,0.078795105,9,,,,False,False,True,True
DVH-Compiler/Test/Compiler::Related.mono,search,True,True,True,v4,v5,True,,,False,5.797448468,6.009641517,0.097324886,15,,,,False,False,True,True
DVH-Compiler/Test/Compiler::compile_length,search,True,True,True,v4,v5,True,,,False,63.02398531,62.276297389,0.601972141,77,,,,False,False,True,True
DVH-Compiler/Test/Compiler::compiler_expr_correct_int,search,False,False,,v4,v5,False,discovery,96.978523409,False,95.031824117,,,,/tmp/waterfall-hints-cy9pkv2h/Probe-search-016-syntax.lean:889:4: error: waterfall reached the ambient resource limit,/tmp/waterfall-hints-yw1eslc0/Probe-search-016-api.lean:889:84: error: waterfall reached the ambient resource limit,,False,False,True,True
DVH-Compiler/Test/Compiler::get_append_left,search,True,True,True,v4,v5,True,,,False,3.682414602,3.698246358,0.013165968,16,,,,False,False,True,True
ProofAgentsDemo/Semantics/BigStep::Eval.deterministic,search,True,True,True,v4,v5,True,,,False,1.258683501,1.351180104,0.42320406,14,,,,False,False,True,True
ProofAgentsDemo/Semantics/BigStep::Eval.of_denote_eq,search,True,True,True,v4,v5,True,,,False,0.923787919,0.978947161,0.119121512,28,,,,False,False,True,True
ProofAgentsDemo/Semantics/SmallStep::Step.strong_confluence,search,False,False,,v4,v5,False,discovery,85.840588156,False,99.737225547,,,,/tmp/waterfall-hints-t6ainap_/Probe-search-019-syntax.lean:57:4: error: waterfall reached the ambient resource limit,/tmp/waterfall-hints-4e4r2vqa/Probe-search-019-api.lean:57:90: error: waterfall reached the ambient resource limit,,False,False,True,True
SF/VFA/05-SelectionCaseStudy::cons_of_small_maintains_sort,search,True,True,True,v4,v5,True,,,False,16.796740625,17.878637144,0.543682963,25,,,,False,False,True,True
SF/VFA/05-SelectionCaseStudy::cons_of_small_maintains_sort',search,True,True,True,v4,v5,True,,,False,30.101323198,25.408018765,0.653251764,23,,,,False,False,True,True
SF/VFA/05-SelectionCaseStudy::extra_fuel,search,True,True,True,v4,v5,True,,,False,0.009185501,0.010012073,0.00335763,7,,,,False,False,True,True
SF/VFA/05-SelectionCaseStudy::le_all__le_one,search,True,True,True,v4,v5,True,,,False,0.020747022,0.038955128,0.013866987,7,,,,False,False,True,True
SF/VFA/05-SelectionCaseStudy::out_of_fuel,search,True,True,True,v4,v5,True,,,False,0.153218549,0.136233486,0.004390942,9,,,,False,False,True,True
SF/VFA/05-SelectionCaseStudy::pairs_example,search,True,True,True,v4,v5,True,,,False,0.031143369,0.026110341,0.007555517,7,,,,False,False,True,True
SF/VFA/05-SelectionCaseStudy::select_contents,search,False,False,,v4,v5,False,discovery,85.183526583,False,86.584116223,,,,/tmp/waterfall-hints-nfhmg2w4/Probe-search-043-syntax.lean:232:4: error: waterfall reached the ambient resource limit,/tmp/waterfall-hints-esa1imb5/Probe-search-043-api.lean:232:76: error: waterfall reached the ambient resource limit,,False,False,True,True
SF/VFA/05-SelectionCaseStudy::select_fst_leq,search,True,True,True,v4,v5,True,,,False,8.471657745,9.024084951,0.230103686,14,,,,False,False,True,True
SF/VFA/05-SelectionCaseStudy::select_in,search,True,True,True,v4,v5,True,,,False,14.286942267,12.895308403,0.582092881,16,,,,False,False,True,True
SF/VFA/05-SelectionCaseStudy::select_perm,search,True,True,True,v4,v5,True,,,False,30.916016068,33.846897776,2.228966377,16,,,,False,False,True,True
SF/VFA/05-SelectionCaseStudy::select_rest_length,search,True,True,True,v4,v5,True,,,False,7.206766654,7.449992609,0.201868162,22,,,,False,False,True,True
SF/VFA/05-SelectionCaseStudy::select_smallest,search,False,False,,v4,v5,False,discovery,88.60230638,False,86.778425674,,,,/tmp/waterfall-hints-cy9pkv2h/Probe-search-032-syntax.lean:136:4: error: waterfall reached the ambient resource limit,/tmp/waterfall-hints-yw1eslc0/Probe-search-032-api.lean:136:76: error: waterfall reached the ambient resource limit,,False,False,True,True
SF/VFA/05-SelectionCaseStudy::selection_sort_contents,search,False,False,,v4,v5,False,discovery,78.377224402,False,77.428922765,,,,/tmp/waterfall-hints-6ixa3nyn/Probe-search-044-syntax.lean:240:4: error: waterfall reached the ambient resource limit,/tmp/waterfall-hints-uhldwt5g/Probe-search-044-api.lean:240:84: error: waterfall reached the ambient resource limit,,False,False,True,True
SF/VFA/05-SelectionCaseStudy::selection_sort_correct',search,True,True,True,v4,v5,True,,,False,33.189370293,34.761504179,0.219373089,20,,,,False,False,True,True
SF/VFA/05-SelectionCaseStudy::selection_sort_is_correct,search,True,True,True,v4,v5,True,,,False,0.021662386,0.033879743,0.013641189,10,,,,False,False,True,True
SF/VFA/05-SelectionCaseStudy::selection_sort_perm,search,True,True,True,v4,v5,True,,,False,0.015344119,0.025155346,0.009230959,7,,,,False,False,True,True
SF/VFA/05-SelectionCaseStudy::selection_sort_sorted,search,True,True,True,v4,v5,True,,,False,0.016385458,0.029976237,0.011646523,9,,,,False,False,True,True
SF/VFA/05-SelectionCaseStudy::selsort'_example,search,True,True,True,v4,v5,True,,,False,2.295606387,3.187589883,1.047384298,16,,,,False,False,True,True
SF/VFA/05-SelectionCaseStudy::selsort'_is_correct,search,True,True,True,v4,v5,True,,,False,0.031076537,0.05208937,0.024678105,12,,,,False,False,True,True
SF/VFA/05-SelectionCaseStudy::selsort'_perm,search,False,False,,v4,v5,False,discovery,88.083562364,False,103.008311064,,,,/tmp/waterfall-hints-nq2487rv/Probe-search-039-syntax.lean:197:4: error: waterfall reached the ambient resource limit,/tmp/waterfall-hints-h4gvwba7/Probe-search-039-api.lean:197:74: error: waterfall reached the ambient resource limit,,False,False,True,True
SF/VFA/05-SelectionCaseStudy::selsort'_sorted,search,True,True,True,v4,v5,True,,,False,26.459554488,26.926932637,0.414261483,20,,,,False,False,True,True
SF/VFA/05-SelectionCaseStudy::selsort_perm,search,False,False,,v4,v5,False,discovery,86.308166975,False,84.758448062,,,,/tmp/waterfall-hints-6ixa3nyn/Probe-search-028-syntax.lean:111:4: error: waterfall reached the ambient resource limit,/tmp/waterfall-hints-uhldwt5g/Probe-search-028-api.lean:111:73: error: waterfall reached the ambient resource limit,,False,False,True,True
SF/VFA/05-SelectionCaseStudy::selsort_sorted,search,True,True,True,v4,v5,True,,,False,13.013747393,11.40947099,0.349560502,24,,,,False,False,True,True
SF/VFA/05-SelectionCaseStudy::sort_pi,search,True,True,True,v4,v5,True,,,False,0.026687763,0.019330356,0.011021882,7,,,,False,False,True,True
SF/VFA/05-SelectionCaseStudy::sorted_iff_sorted,search,False,False,,v4,v5,False,discovery,80.908637114,False,83.512680824,,,,/tmp/waterfall-hints-zwcy9n3b/Probe-search-045-syntax.lean:248:4: error: waterfall reached the ambient resource limit,/tmp/waterfall-hints-9w0owkan/Probe-search-045-api.lean:248:78: error: waterfall reached the ambient resource limit,,False,False,True,True
SF/VFA/06-MergeCaseStudy::list_ind2',search,True,True,True,v4,v5,True,,,True,50.468834242,43.66374883,0.000347822,3,,,,False,False,True,True
SF/VFA/06-MergeCaseStudy::merge2,search,True,True,True,v4,v5,True,,,False,0.018482195,0.02753586,0.010358079,7,,,,False,False,True,True
SF/VFA/06-MergeCaseStudy::merge_nil_l,search,True,True,True,v4,v5,True,,,False,0.016099696,0.022881677,0.007868115,7,,,,False,False,True,True
SF/VFA/06-MergeCaseStudy::merge_perm,search,True,True,True,v4,v5,True,,,False,12.610092347,13.636426481,0.664990933,26,,,,False,False,True,True
SF/VFA/06-MergeCaseStudy::mergesort_correct,search,True,True,True,v4,v5,True,,,False,0.461888461,0.474686885,0.027709599,10,,,,False,False,True,True
SF/VFA/06-MergeCaseStudy::mergesort_perm,search,False,False,,v4,v5,False,discovery,92.804660781,False,94.598535023,,,,/tmp/waterfall-hints-nfhmg2w4/Probe-search-059-syntax.lean:185:4: error: waterfall reached the ambient resource limit,/tmp/waterfall-hints-esa1imb5/Probe-search-059-api.lean:185:71: error: waterfall reached the ambient resource limit,,False,False,True,True
SF/VFA/06-MergeCaseStudy::mergesort_sorts,search,True,True,True,v4,v5,True,,,False,38.311352034,32.894991636,0.055595495,14,,,,False,False,True,True
SF/VFA/06-MergeCaseStudy::sorted_merge,search,False,False,,v4,v5,False,discovery,127.459435636,False,145.785440407,,,,/tmp/waterfall-hints-_kff2h_g/Probe-search-056-syntax.lean:160:4: error: waterfall reached the ambient resource limit,/tmp/waterfall-hints-y6yev672/Probe-search-056-api.lean:160:69: error: waterfall reached the ambient resource limit,,False,False,True,True
SF/VFA/06-MergeCaseStudy::sorted_merge1,search,True,True,True,v4,v5,True,,,False,0.240642382,0.304201309,0.093557856,7,,,,False,False,True,True
SF/VFA/06-MergeCaseStudy::split_len,search,True,True,True,v4,v5,True,,,False,0.01924447,0.033817228,0.013463881,6,,,,False,False,True,True
SF/VFA/06-MergeCaseStudy::split_len',search,True,True,True,v4,v5,True,,,False,0.036738964,0.071569913,0.066302791,7,,,,False,False,True,True
SF/VFA/06-MergeCaseStudy::split_len_first_try,search,True,True,True,v4,v5,True,,,False,0.325136747,0.387745113,0.091095663,9,,,,False,False,True,True
SF/VFA/06-MergeCaseStudy::split_len_via_div2,search,True,True,True,v4,v5,True,,,False,0.021425522,0.033896363,0.0134531,6,,,,False,False,True,True
SF/VFA/06-MergeCaseStudy::split_perm,search,False,False,,v4,v5,False,discovery,84.065287133,False,82.492230379,,,,/tmp/waterfall-hints-o6kj4d6u/Probe-search-052-syntax.lean:88:4: error: waterfall reached the ambient resource limit,/tmp/waterfall-hints-t6x16w4l/Probe-search-052-api.lean:88:67: error: waterfall reached the ambient resource limit,,False,False,True,True
SF/VFA/07-SearchTreeCaseStudy::NoDup_append,search,True,True,True,v4,v5,True,,,False,0.233464751,0.304219046,0.035445853,3,,,,False,False,True,True
SF/VFA/07-SearchTreeCaseStudy::bound_notP,search,True,True,True,v4,v5,True,,,False,0.691141441,0.858343331,0.097213078,16,,,,False,False,True,True
SF/VFA/07-SearchTreeCaseStudy::fast_elements_tr_helper,search,True,True,True,v4,v5,True,,,False,0.140550037,0.158091354,0.035502491,15,,,,False,False,True,True
SF/VFA/08-QueueCaseStudy::bq_deq_to_list,search,True,True,True,v4,v5,True,,,False,0.584368488,0.821755376,0.226362698,11,,,,False,False,True,True
SF/VFA/10-RedblackCaseStudy::all_elements_balance,search,True,True,True,v4,v5,True,,,False,14.154498035,11.883037365,10.414069369,8,,,,False,False,True,True
SF/VFA/10-RedblackCaseStudy::balance_BST,search,False,False,,v4,v5,False,discovery,142.883414904,False,140.474118183,,,,/tmp/waterfall-hints-o6kj4d6u/Probe-search-020-syntax.lean:329:4: error: waterfall reached the ambient resource limit,/tmp/waterfall-hints-t6x16w4l/Probe-search-020-api.lean:329:71: error: waterfall reached the ambient resource limit,,False,False,True,True
SF/VFA/10-RedblackCaseStudy::balance_lookup,search,True,True,True,v4,v5,True,,,False,28.770266125,26.273238307,6.217257602,11,,,,False,False,True,True
SF/VFA/10-RedblackCaseStudy::elements_balance,search,True,True,True,v4,v5,True,,,False,17.015874739,10.39348392,11.111327735,35,,,,False,False,True,True
SF/VFA/10-RedblackCaseStudy::insert_BST,search,True,True,True,v4,v5,True,,,False,0.306004412,0.318349643,0.057241476,10,,,,False,False,True,True
SF/VFA/13-BinomCaseStudy::carry_valid,search,True,True,True,v4,v5,True,,,False,4.689922585,3.815145371,0.165871172,33,,,,False,False,True,True
SF/VFA/13-BinomCaseStudy::delete_max_aux_valid,search,True,True,True,v4,v5,True,,,False,0.709663029,0.758063512,0.167967168,21,,,,False,False,True,True
SF/VFA/13-BinomCaseStudy::smash_elems,search,True,True,True,v4,v5,True,,,False,0.520856096,0.555687583,0.08653733,5,,,,False,False,True,True
SF/VFA/13-BinomCaseStudy::smash_valid,search,True,True,True,v4,v5,True,,,False,4.338961533,4.399022262,0.661937713,8,,,,False,False,True,True
SF/VFA/13-BinomCaseStudy::tree_elems_ext,search,True,True,True,v4,v5,True,,,False,0.126854002,0.141786731,0.029732249,4,,,,False,False,True,True
